INSERT INTO TBL_ROLE ("ROLE_ID", "ROLE_NAME") VALUES (1,'ROLE_STUDENT'); -- STUDENT
INSERT INTO TBL_ROLE ("ROLE_ID", "ROLE_NAME") VALUES (2,'ROLE_ADMIN'); -- ADMIN
INSERT INTO TBL_ROLE ("ROLE_ID", "ROLE_NAME") VALUES (3,'ROLE_PARENT'); -- PARENT
INSERT INTO TBL_ROLE ("ROLE_ID", "ROLE_NAME") VALUES (4,'ROLE_TEACHER'); -- TEACHER

/* Password $2a$10$ggcRlrA5UqU.WLGtQAgL/ewqK0kSFRrGC3mtUV4Ut2k/X22YTvSwy matches "password" */
INSERT INTO TBL_USER ("USER_ID", "USER_NAME", "USER_PASSWORD") VALUES (1,'teacher@kard.com', '$2a$10$ggcRlrA5UqU.WLGtQAgL/ewqK0kSFRrGC3mtUV4Ut2k/X22YTvSwy');
INSERT INTO TBL_USER_ROLE ("USER_ROLE_ID", "USER_ID", "ROLE_ID") VALUES (1,1,4);

INSERT INTO TBL_USER ("USER_ID", "USER_NAME", "USER_PASSWORD") VALUES (2, 'admin@kard.com','$2a$10$ggcRlrA5UqU.WLGtQAgL/ewqK0kSFRrGC3mtUV4Ut2k/X22YTvSwy');
INSERT INTO TBL_USER_ROLE ("USER_ROLE_ID", "USER_ID", "ROLE_ID") VALUES (2,2,1);
INSERT INTO TBL_USER_ROLE ("USER_ROLE_ID", "USER_ID", "ROLE_ID") VALUES (3,2,2);
INSERT INTO TBL_USER_ROLE ("USER_ROLE_ID", "USER_ID", "ROLE_ID") VALUES (4,2,3);
INSERT INTO TBL_USER_ROLE ("USER_ROLE_ID", "USER_ID", "ROLE_ID") VALUES (5,2,4);

INSERT INTO TBL_USER ("USER_ID", "USER_NAME", "USER_PASSWORD") VALUES (3,'parent@kard.com', '$2a$10$ggcRlrA5UqU.WLGtQAgL/ewqK0kSFRrGC3mtUV4Ut2k/X22YTvSwy');
INSERT INTO TBL_USER_ROLE ("USER_ROLE_ID", "USER_ID", "ROLE_ID") VALUES (6,3,3);

INSERT INTO TBL_USER ("USER_ID", "USER_NAME", "USER_PASSWORD") VALUES (4,'student@kard.com', '$2a$10$ggcRlrA5UqU.WLGtQAgL/ewqK0kSFRrGC3mtUV4Ut2k/X22YTvSwy');
INSERT INTO TBL_USER_ROLE ("USER_ROLE_ID", "USER_ID", "ROLE_ID") VALUES (7,4,1);
